Felicia|Ap #959-7027 Porttitor St.|Toledo|Ohio|45-369
Emmanuel|246-6745 Etiam Av.|Curarrehue|IX|695990
Kellie|Ap #521-2549 Et St.|Moose Jaw|Saskatchewan|9252
Mari|Ap #774-2890 Quam, St.|Leerbeek|VB|78-224
Imogene|P.O. Box 865, 7822 Non, Rd.|Gravataí|RS|826013
Phillip|533-6488 Sed Av.|Piracicaba|SP|4728
Ishmael|Ap #343-8488 Consectetuer Avenue|Paradise|Newfoundland and Labrador|8712
Jennifer|Ap #798-2238 Dui, Av.|Murcia|MU|75138
Levi|P.O. Box 306, 6923 Etiam St.|Little Rock|AK|399852
Hunter|Ap #321-9099 Ipsum. Av.|Fredericton|NB|1286
Iola|2157 Integer Av.|San José de Alajuela|A|9219
Dieter|697-9975 Donec Rd.|Goes|Zeeland|8499PD
Reed|Ap #539-5853 Et Rd.|Liberia|G|79461
Haley|P.O. Box 193, 1100 Dignissim. Avenue|Port Hope|ON|7538
Lila|197-9408 Vulputate, Av.|Lagos|Lagos|15221
Florence|Ap #266-1749 Pede. Street|Madrid|MA|6818
May|P.O. Box 327, 7476 A Rd.|Cassaro|SIC|44222
Mary|P.O. Box 748, 2104 Iaculis St.|Mira Bhayandar|MH|68378
Kaden|P.O. Box 853, 9503 Id, Street|Duns|BE|75384
Aline|3851 Sit Rd.|Cork|M|11217
Xandra|P.O. Box 140, 6165 Vulputate, Av.|Fraser Lake|British Columbia|84-750
Jin|7988 Sodales Street|Calder|Saskatchewan|66284
Lani|P.O. Box 953, 9039 Orci, Rd.|Badalona|CA|61510
Thane|P.O. Box 313, 2327 Enim Rd.|Jundiaí|São Paulo|49-949
Odette|136-2131 Donec Street|Çaldıran|Van|0107JS
Russell|Ap #919-8560 Lobortis Ave|Bayswater|WA|83861-227
Channing|911-9714 Gravida St.|Swan Hill|VIC|21975-874
Aiko|P.O. Box 556, 8724 Nunc Rd.|Uddevalla|O|78592
Cameron|649-8107 Augue Road|West Jordan|Utah|69247
Delilah|Ap #842-4742 Eleifend Av.|Tumba|AB|2540
Fritz|Ap #270-5090 Nostra, Ave|Istanbul|Istanbul|791086
Curran|P.O. Box 858, 2105 Sed Av.|Wrocław|Dolnośląskie|N79 2EA
Leila|P.O. Box 320, 1147 Etiam Street|Haridwar|UT|9870
Ashely|967-4851 Enim Rd.|Paal|Limburg|18955
Alfreda|P.O. Box 109, 7226 Diam Rd.|San Jose|CA|21417
Aline|991-3446 Lacinia Road|Sagamu|OG|966494
Silas|8469 Vehicula Rd.|Hamburg|Hamburg|05271-434
Leila|P.O. Box 228, 9520 Vivamus St.|Miami|FL|89-579
Yoko|728-5741 Quis, Av.|Gebze|Kocaeli|12552
Geoffrey|Ap #461-2208 Tortor. Street|Merrickville-Wolford|Ontario|57645
Zachery|5446 Sit Road|Toulon|Provence-Alpes-Côte d'Azur|01-018
Ima|P.O. Box 457, 1960 Odio Rd.|Vienna|Vienna|24638
Sybill|P.O. Box 159, 9022 Semper Avenue|Augusta|ME|51-100
Eagan|3794 Metus. Ave|Orangeville|Ontario|72201-939
Lydia|760-5643 Neque Ave|Berlin|Berlin|82684
Stacy|2049 Neque. Rd.|Montacuto|Piemonte|37280
Gary|362-9167 Ultricies Rd.|Belo Horizonte|MG|W23 0ZA
Conan|502-1570 Parturient Road|Castel Maggiore|Emilia-Romagna|32508
Desiree|557-9127 Nullam Rd.|Warrnambool|Victoria|B55 1QY
Brandon|Ap #859-7477 Dui. Street|Maracanaú|CE|88230
Cherokee|Ap #873-2869 Erat Street|Harrisburg|Pennsylvania|65698
Josephine|P.O. Box 561, 3133 Fusce Road|Jefferson City|MO|LJ2M 9DI
Ferris|Ap #241-7644 Quisque Rd.|Hamilton|North Island|36-466
Norman|7278 Aliquam Ave|Rockville|MD|1223
Tyler|Ap #491-254 Aliquet Rd.|Kungälv|O|13182
Shelley|P.O. Box 661, 4045 Ipsum. Rd.|Heredia|Heredia|8735
Jocelyn|Ap #778-8346 Lacinia. Rd.|South Bend|IN|1374
Carla|Ap #849-9707 Lacinia Rd.|Emines|NA|18105-910
Abigail|635-2175 Enim Road|Frauenkirchen|Bgl|37870
Nelle|3937 Mollis. St.|Fresno|CA|4489
Uriah|P.O. Box 334, 9727 Auctor St.|Amstelveen|Noord Holland|72896
Jorden|502-3130 Dolor Rd.|Pike Creek|Delaware|64749
Regan|Ap #548-6726 Libero Rd.|Sosnowiec|SL|82027
Yoko|P.O. Box 619, 5931 Ante. Road|Galway|C|20007
Indigo|Ap #822-1286 Nec St.|Calera|Valparaíso|16390
Shelly|Ap #466-691 Aliquam Street|Vienna|Vienna|21481
Leroy|109-4519 Erat Rd.|Oyen|AB|U3 9MB
Brennan|Ap #888-7335 Urna Ave|Lerum|Västra Götalands län|479877
Wing|1678 Quis Avenue|Bayonne|Aquitaine|55914
Wang|5872 Sem Rd.|Penrith|NSW|74070-826
Indigo|453-2916 Ipsum Avenue|Kielce|SK|96246
Emerson|6291 Magna. Av.|Vienna|Wie|4709
Anika|768 Dignissim Avenue|Emmen|Dr|378260
Rebecca|Ap #760-6087 Quisque Rd.|Besançon|FC|97249
Yetta|Ap #454-8929 Felis. Rd.|Feldkirch|Vorarlberg|699694
Genevieve|349-3128 Maecenas Rd.|Hartford|CT|5460
Bradley|237-6543 Sit Av.|Apeldoorn|Gelderland|979792
Samuel|P.O. Box 428, 6944 Ad Rd.|Piła|WP|602076
Rylee|Ap #903-1015 Venenatis St.|Warri|DE|9002AO
Anne|338-491 Nec Rd.|Dannevirke|NI|5943
Murphy|556-9499 Sagittis. Av.|Carmen|C|37707
Brady|P.O. Box 454, 5149 Lobortis, Rd.|Baltimore|Maryland|Y1E 8M7
Christen|P.O. Box 721, 7433 Risus. Rd.|Belfast|Ulster|5786
Joshua|P.O. Box 401, 4214 Quis St.|Motueka|SI|68438
Aquila|721-3353 Erat Ave|Chépica|VI|82610
Amos|Ap #886-666 Auctor Road|Kleinmachnow|BB|94733
Adena|Ap #849-2907 In Rd.|Apeldoorn|Gelderland|E1H 3A2
Bell|5635 Vel Road|Rocky View|AB|55812
Rigel|Ap #579-1963 Nam St.|Woking|SR|50-436
Cheyenne|938-6359 Viverra. Ave|West Jordan|UT|85706
Aristotle|301 Sit Street|Tirunelveli|Tamil Nadu|03407-340
Hayfa|838 Elit. St.|Santa Marina|CAM|37932
Clark|P.O. Box 770, 710 Integer Rd.|Vienna|Vienna|95636
Cleo|P.O. Box 736, 8512 Nec, Rd.|Alhué|Metropolitana de Santiago|881627
Beck|Ap #949-8935 At, Av.|Maple Creek|Saskatchewan|01257
Vladimir|1077 Nulla. Road|Schaarbeek|BU|62075
Justin|P.O. Box 727, 3354 Quis Rd.|Istanbul|Ist|3037
Joel|993-7547 Ullamcorper St.|Châtellerault|Poitou-Charentes|349042
Adena|2174 Nulla St.|Licantén|Maule|S7M 2A8
Chaim|P.O. Box 561, 166 Est St.|Wangaratta|VIC|71195
